id,title,repeat_content,repeat_times,created_at,updated_at,user_id
2,Rake　『100万回の「I love you」』,「I love you」,1000000,2024-09-03 04:39:32 UTC,2024-09-03 07:34:51 UTC,1
3,たくさん-たくさん,たくさん,100000,2024-09-03 05:08:04 UTC,2024-09-05 05:39:47 UTC,1
9,メロたんさん,メロたんさん,1000,2024-09-03 09:56:48 UTC,2024-09-03 09:56:48 UTC,1
10,大森もりもり,大森もりもり,10000,2024-09-03 10:05:21 UTC,2024-09-03 10:05:21 UTC,1
11,カンジャンケジャン,美味しい,82,2024-09-03 11:50:49 UTC,2024-09-03 11:50:49 UTC,1
16,100万回の「I love you」　Rake,i love you,1000000,2024-09-05 11:53:29 UTC,2024-09-05 11:53:29 UTC,1
17,100万回のkiss　gray,kiss,1000000,2024-09-05 11:53:29 UTC,2024-09-05 11:53:29 UTC,1
93,呟き,潰して,10000,2024-09-09 07:37:51 UTC,2024-09-09 07:37:51 UTC,3
94,popopopo,popopopo,10000,2024-09-09 09:06:50 UTC,2024-09-09 09:06:50 UTC,3
95,aefawef,aefaewf,10000,2024-09-09 09:09:03 UTC,2024-09-09 09:09:03 UTC,3
97,afaef,awefawefaw,10000,2024-09-09 12:11:24 UTC,2024-09-09 12:11:24 UTC,3
98,aewr,aefawe,1000000,2024-09-10 09:23:58 UTC,2024-09-10 09:23:58 UTC,1
103,絵ファえf,あえふぁうぇf,10000,2024-09-10 11:23:33 UTC,2024-09-10 11:23:33 UTC,1
104,うんこ,まるじるし,10000,2024-09-10 11:27:02 UTC,2024-09-10 11:27:02 UTC,1
105,100万回の「I love you」　Rake,i love you,1000000,2024-09-10 11:48:01 UTC,2024-09-10 11:48:01 UTC,3
106,100万回のkiss　gray,kiss,1000000,2024-09-10 11:48:01 UTC,2024-09-10 11:48:01 UTC,3
107,百万回のありがとう　刀剣男士,ありがとう,1000000,2024-09-10 11:48:01 UTC,2024-09-10 11:48:01 UTC,3
